City_ID,City,Country,Date,Lat,Lng,Max Temp,Humidity,Cloudiness,Wind Speed
0,Punta Arenas,CL,2021-08-01 00:03:33,-53.15,-70.9167,277.1,64,100,5.23
1,Tuatapere,NZ,2021-08-01 00:07:12,-46.1333,167.6833,283.05,95,100,0.37
2,Mathbaria,BD,2021-08-01 00:07:12,22.2876,89.9593,299.91,90,99,2.11
3,Ati,TD,2021-08-01 00:07:13,13.2154,18.3353,298.83,78,83,3.52
4,Carnarvon,AU,2021-08-01 00:07:13,-24.8667,113.6333,286.19,59,90,2.57
5,Kavieng,PG,2021-08-01 00:07:13,-2.5744,150.7967,301.81,67,28,1.73
6,Dudinka,RU,2021-08-01 00:07:14,69.4058,86.1778,284.76,86,69,6.76
7,Mataura,NZ,2021-08-01 00:07:14,-46.1927,168.8643,282.86,100,100,0.32
8,Alice Springs,AU,2021-08-01 00:04:44,-23.7,133.8833,289.9,55,0,5.14
9,Mahebourg,MU,2021-08-01 00:07:15,-20.4081,57.7,293.85,74,9,7.03
10,Khatanga,RU,2021-08-01 00:04:12,71.9667,102.5,292.41,66,84,3.88
11,Maues,BR,2021-08-01 00:07:15,-3.3836,-57.7186,301.0,62,96,2.06
12,Tuktoyaktuk,CA,2021-08-01 00:07:15,69.4541,-133.0374,284.15,87,100,4.59
13,Tukrah,LY,2021-08-01 00:07:16,32.5341,20.5791,300.05,61,0,0.77
14,Vaini,TO,2021-08-01 00:07:16,-21.2,-175.2,296.32,75,100,12.01
15,Olafsvik,IS,2021-08-01 00:06:16,64.8945,-23.7142,285.43,94,92,3.34
16,Vardo,NO,2021-08-01 00:07:16,70.3705,31.1107,282.12,92,99,4.99
17,Port Hedland,AU,2021-08-01 00:07:17,-20.3167,118.5667,291.18,48,3,3.6
18,Sulangan,PH,2021-08-01 00:07:17,11.1373,123.7228,301.88,77,53,5.13
19,Victoria,HK,2021-08-01 00:03:54,22.2855,114.1577,303.36,89,99,2.24
20,Albany,US,2021-08-01 00:05:06,42.6001,-73.9662,292.51,69,31,0.45
21,New Norfolk,AU,2021-08-01 00:04:07,-42.7826,147.0587,282.55,51,11,3.33
22,Ushuaia,AR,2021-08-01 00:03:53,-54.8,-68.3,275.22,89,100,5.7
23,Wasilla,US,2021-08-01 00:07:18,61.5814,-149.4394,296.64,51,1,2.06
24,Busselton,AU,2021-08-01 00:04:07,-33.65,115.3333,280.42,73,91,12.32
25,Manubul,PH,2021-08-01 00:07:18,5.4732,120.7986,302.04,72,62,4.0
26,Nikolskoye,RU,2021-08-01 00:07:19,59.7035,30.7861,289.71,98,44,2.4
27,Wageningen,NL,2021-08-01 00:07:19,51.9667,5.6667,289.36,91,8,2.76
28,Sterling,US,2021-08-01 00:07:19,39.0062,-77.4286,299.06,67,90,3.6
29,Puerto Ayora,EC,2021-08-01 00:04:44,-0.7393,-90.3518,295.12,89,43,2.68
30,Georgetown,MY,2021-08-01 00:07:20,5.4112,100.3354,299.11,92,40,1.54
31,Barrow,US,2021-08-01 00:07:20,71.2906,-156.7887,282.16,95,90,9.26
32,Castro,BR,2021-08-01 00:07:20,-24.7911,-50.0119,281.38,81,99,2.85
33,Provideniya,RU,2021-08-01 00:07:21,64.3833,-173.3,281.39,76,92,2.64
34,Husavik,IS,2021-08-01 00:07:21,66.0449,-17.3389,285.19,72,88,1.26
35,Puerto Carreno,CO,2021-08-01 00:07:21,6.189,-67.4859,297.09,92,88,1.46
36,Bredasdorp,ZA,2021-08-01 00:04:39,-34.5322,20.0403,284.97,89,100,2.3
37,Rikitea,PF,2021-08-01 00:07:22,-23.1203,-134.9692,294.49,71,23,4.86
38,Port Lincoln,AU,2021-08-01 00:05:53,-34.7333,135.8667,285.02,74,2,4.51
39,Rio Branco,BR,2021-08-01 00:07:23,-9.9747,-67.81,296.52,37,22,0.96
40,East London,ZA,2021-08-01 00:07:23,-33.0153,27.9116,292.32,24,96,2.97
41,Arraial Do Cabo,BR,2021-08-01 00:04:17,-22.9661,-42.0278,292.27,64,96,6.29
42,Hobart,AU,2021-08-01 00:02:31,-42.8794,147.3294,282.74,69,75,1.34
43,Freeport,US,2021-08-01 00:03:11,40.6576,-73.5832,298.14,68,1,0.89
44,Krasnoselkup,RU,2021-08-01 00:07:24,65.7,82.4667,285.09,70,37,3.03
45,Santa Catarina De Tepehuanes,MX,2021-08-01 00:07:24,25.35,-105.7333,298.63,46,75,5.7
46,Samarai,PG,2021-08-01 00:07:25,-10.6167,150.6667,298.98,64,84,6.24
47,Sinjai,ID,2021-08-01 00:07:18,-5.1241,120.253,299.06,81,85,1.7
48,Yellowknife,CA,2021-08-01 00:07:25,62.456,-114.3525,301.64,45,19,1.34
49,Mehamn,NO,2021-08-01 00:07:25,71.0357,27.8492,281.06,96,100,4.58
50,Mount Gambier,AU,2021-08-01 00:07:26,-37.8333,140.7667,282.75,84,11,3.31
51,Jamestown,US,2021-08-01 00:04:34,42.097,-79.2353,293.77,72,1,0.63
52,Clyde River,CA,2021-08-01 00:07:26,70.4692,-68.5914,276.95,88,100,1.53
53,Sao Filipe,CV,2021-08-01 00:07:27,14.8961,-24.4956,297.39,85,79,3.71
54,Hearst,CA,2021-08-01 00:07:27,49.6835,-83.6665,289.55,70,100,1.59
55,Urucara,BR,2021-08-01 00:07:27,-2.5364,-57.76,299.9,72,93,2.43
56,Upernavik,GL,2021-08-01 00:07:27,72.7868,-56.1549,279.82,75,100,1.87
57,Nishihara,JP,2021-08-01 00:07:28,26.1842,127.7558,301.96,97,75,7.2
58,Grindavik,IS,2021-08-01 00:07:28,63.8424,-22.4338,285.13,100,90,3.6
59,Longyearbyen,SJ,2021-08-01 00:07:29,78.2186,15.6401,280.06,70,75,3.6
60,Kapaa,US,2021-08-01 00:07:29,22.0752,-159.319,304.33,67,20,2.24
61,Aklavik,CA,2021-08-01 00:07:29,68.2191,-135.0107,299.67,35,89,6.93
62,Paka,MY,2021-08-01 00:07:30,4.6374,103.4368,298.22,89,99,1.44
63,Atuona,PF,2021-08-01 00:07:30,-9.8,-139.0333,298.2,68,47,6.01
64,Faya,SA,2021-08-01 00:07:30,18.3851,42.4509,289.44,72,99,2.09
65,Bambous Virieux,MU,2021-08-01 00:07:31,-20.3428,57.7575,293.83,72,7,7.07
66,Cap Malheureux,MU,2021-08-01 00:07:31,-19.9842,57.6142,293.97,75,0,2.68
67,Butaritari,KI,2021-08-01 00:07:31,3.0707,172.7902,300.78,74,38,3.76
68,Vao,NC,2021-08-01 00:06:14,-22.6667,167.4833,292.57,59,0,8.88
69,Henties Bay,NA,2021-08-01 00:07:32,-22.116,14.2845,295.85,36,0,3.68
70,Saldanha,ZA,2021-08-01 00:07:32,-33.0117,17.9442,287.43,60,34,2.09
71,Rozkishne,UA,2021-08-01 00:07:32,48.5074,39.3004,295.53,68,23,1.04
72,Kodiak,US,2021-08-01 00:05:22,57.79,-152.4072,289.88,72,90,3.6
73,Namibe,AO,2021-08-01 00:07:33,-15.1961,12.1522,293.22,83,42,2.89
74,Qaanaaq,GL,2021-08-01 00:07:33,77.484,-69.3632,278.18,88,94,1.58
75,Cherskiy,RU,2021-08-01 00:07:34,68.75,161.3,278.6,91,100,5.5
76,Maceio,BR,2021-08-01 00:02:38,-9.6658,-35.7353,296.99,84,36,8.28
77,Namikupa,TZ,2021-08-01 00:07:34,-10.8333,39.6,290.17,92,18,1.53
78,Tabou,CI,2021-08-01 00:07:34,4.423,-7.3528,297.69,86,98,4.58
79,Gewane,ET,2021-08-01 00:07:35,10.1664,40.6453,298.81,61,52,5.95
80,Bethel,US,2021-08-01 00:07:35,41.3712,-73.414,295.32,73,1,1.54
81,Necaxa,MX,2021-08-01 00:07:35,20.2167,-98.0,292.96,91,75,1.41
82,Sudislavl,RU,2021-08-01 00:07:36,57.8817,41.7083,286.97,90,13,2.91
83,Vanimo,PG,2021-08-01 00:07:36,-2.6741,141.3028,301.81,69,34,2.01
84,Svetlogorsk,BY,2021-08-01 00:07:37,52.6333,29.7333,291.13,92,100,3.21
85,Sitka,US,2021-08-01 00:07:37,57.0531,-135.33,291.09,77,75,3.09
86,Road Town,VG,2021-08-01 00:07:37,18.4167,-64.6167,301.59,80,27,8.32
87,Ulladulla,AU,2021-08-01 00:07:38,-35.35,150.4667,296.97,62,11,4.81
88,Komsomolskiy,UZ,2021-08-01 00:07:38,40.4272,71.7189,296.83,28,46,0.46
89,Flinders,AU,2021-08-01 00:07:38,-34.5833,150.8552,297.07,51,2,3.91
90,Ucluelet,CA,2021-08-01 00:07:39,48.9329,-125.5528,305.4,78,90,5.48
91,Dhemaji,IN,2021-08-01 00:07:39,27.4833,94.5833,298.23,94,93,0.86
92,Hualmay,PE,2021-08-01 00:06:19,-11.0964,-77.6139,290.96,83,20,5.08
93,Port Alfred,ZA,2021-08-01 00:03:49,-33.5906,26.891,291.91,30,99,3.98
94,Marawi,PH,2021-08-01 00:06:53,7.9986,124.2928,297.4,76,60,1.3
95,Hamilton,US,2021-08-01 00:03:57,39.1834,-84.5333,296.31,70,90,0.89
96,Hilo,US,2021-08-01 00:07:11,19.7297,-155.09,301.0,72,75,6.69
97,Atar,MR,2021-08-01 00:07:40,20.5169,-13.0499,307.24,30,20,3.55
98,Cidreira,BR,2021-08-01 00:07:40,-30.1811,-50.2056,287.26,85,14,7.03
99,Baruun-Urt,MN,2021-08-01 00:07:41,46.6806,113.2792,289.45,53,1,4.57
100,Maraba,BR,2021-08-01 00:07:41,-5.3686,-49.1178,300.35,55,72,1.71
101,Puerto Escondido,MX,2021-08-01 00:07:41,15.85,-97.0667,303.61,62,75,4.12
102,Pacific Grove,US,2021-08-01 00:07:42,36.6177,-121.9166,303.24,78,20,1.34
103,Esso,RU,2021-08-01 00:07:42,55.9333,158.7,287.96,50,75,4.54
104,Pevek,RU,2021-08-01 00:07:42,69.7008,170.3133,275.87,76,97,5.66
105,Sturgeon Bay,US,2021-08-01 00:07:43,44.8342,-87.377,297.14,73,90,2.57
106,Hokitika,NZ,2021-08-01 00:07:43,-42.7167,170.9667,285.75,82,100,2.37
107,Thompson,CA,2021-08-01 00:07:44,55.7435,-97.8558,295.41,46,93,3.26
108,Cabo San Lucas,MX,2021-08-01 00:03:59,22.8909,-109.9124,307.32,71,75,7.72
109,Roswell,US,2021-08-01 00:04:38,34.0232,-84.3616,303.66,75,75,2.57
110,Norton Shores,US,2021-08-01 00:07:44,43.1689,-86.2639,296.69,75,75,3.13
111,Hasaki,JP,2021-08-01 00:07:44,35.7333,140.8333,302.37,78,24,0.96
112,Adrar,MR,2021-08-01 00:07:45,20.5022,-10.0711,303.78,45,71,11.85
113,Vila Franca Do Campo,PT,2021-08-01 00:07:45,37.7167,-25.4333,294.38,90,56,2.29
114,Rocha,UY,2021-08-01 00:07:27,-34.4833,-54.3333,280.56,79,37,1.43
115,Tual,ID,2021-08-01 00:07:45,-5.6667,132.75,300.52,78,63,4.51
116,Rundu,NA,2021-08-01 00:07:46,-17.9333,19.7667,283.93,42,1,2.87
117,Harper,LR,2021-08-01 00:07:46,4.375,-7.7169,297.85,85,100,4.98
118,Geraldton,AU,2021-08-01 00:06:22,-28.7667,114.6,289.89,82,40,8.23
119,Baeza,ES,2021-08-01 00:07:47,37.9938,-3.471,293.3,38,69,0.53
120,Chokurdakh,RU,2021-08-01 00:07:47,70.6333,147.9167,279.15,72,100,8.54
121,Puerto Barrios,GT,2021-08-01 00:07:47,15.7167,-88.6,301.23,83,75,3.09
122,Dukat,RU,2021-08-01 00:07:48,62.55,155.55,280.42,88,81,6.09
123,Billings,US,2021-08-01 00:06:11,45.7833,-108.5007,310.02,16,40,5.66
124,Aktau,KZ,2021-08-01 00:07:48,43.65,51.2,296.47,39,45,3.68
125,Saskylakh,RU,2021-08-01 00:07:48,71.9167,114.0833,297.55,34,0,4.27
126,Beberibe,BR,2021-08-01 00:07:49,-4.1797,-38.1306,298.63,81,61,5.51
127,Puerto Ayacucho,VE,2021-08-01 00:07:49,5.6639,-67.6236,296.53,92,97,1.93
128,Chato,TZ,2021-08-01 00:07:50,-2.6378,31.7669,292.04,56,86,3.62
129,Korla,CN,2021-08-01 00:07:50,41.7597,86.1469,294.38,31,71,7.02
130,San Patricio,US,2021-08-01 00:07:51,28.017,-97.5169,306.55,60,66,7.18
131,Songadh,IN,2021-08-01 00:07:51,21.1667,73.5667,298.43,90,100,6.43
132,Fort Nelson,CA,2021-08-01 00:07:51,58.8053,-122.7002,305.55,23,0,1.36
133,Mucurapo,TT,2021-08-01 00:07:51,10.6667,-61.5333,300.38,88,17,3.84
134,San Lawrenz,MT,2021-08-01 00:07:52,36.0553,14.204,301.96,75,0,4.34
135,Huntington,US,2021-08-01 00:07:52,38.4193,-82.4452,297.11,91,75,0.0
136,Nanortalik,GL,2021-08-01 00:07:52,60.1432,-45.2371,281.84,82,91,5.0
137,Talnakh,RU,2021-08-01 00:07:53,69.4865,88.3972,285.83,78,37,4.31
138,Khasan,RU,2021-08-01 00:07:53,42.4308,130.6434,299.68,86,16,4.5
139,Port Blair,IN,2021-08-01 00:07:53,11.6667,92.75,300.84,82,100,8.09
140,Maragogi,BR,2021-08-01 00:07:54,-9.0122,-35.2225,297.22,83,35,6.1
141,Lima,PE,2021-08-01 00:07:54,-12.0432,-77.0282,289.29,85,90,3.6
142,Clearwater,US,2021-08-01 00:06:31,27.9659,-82.8001,304.22,72,40,2.24
143,Weligama,LK,2021-08-01 00:07:55,5.9667,80.4167,298.51,87,50,4.84
144,Marovoay,MG,2021-08-01 00:07:55,-16.1,46.6333,292.23,64,2,2.61
145,Mandan,US,2021-08-01 00:07:55,46.8267,-100.8896,304.14,30,1,5.14
146,Avarua,CK,2021-08-01 00:03:52,-21.2078,-159.775,298.18,69,40,5.14
147,Najran,SA,2021-08-01 00:07:56,17.4924,44.1277,299.89,52,65,3.78
148,Chuy,UY,2021-08-01 00:07:56,-33.6971,-53.4616,281.71,92,0,2.07
149,Plouzane,FR,2021-08-01 00:07:14,48.3833,-4.6167,287.33,94,0,2.06
150,Sobolevo,RU,2021-08-01 00:07:56,54.4299,31.8996,289.75,83,100,3.49
151,Saint George,US,2021-08-01 00:07:57,37.1041,-113.5841,303.48,48,1,6.69
152,Constitucion,CL,2021-08-01 00:07:57,-35.3333,-72.4167,284.41,79,37,2.89
153,Svolvaer,NO,2021-08-01 00:07:57,68.2342,14.5683,281.69,81,97,2.66
154,Dwarka,IN,2021-08-01 00:05:30,22.2394,68.9678,300.62,83,100,11.01
155,Cartagena Del Chaira,CO,2021-08-01 00:07:58,1.3349,-74.8429,294.26,94,96,1.09
156,Lasa,IT,2021-08-01 00:07:58,46.6166,10.7002,288.72,95,96,1.66
157,Hillsboro,US,2021-08-01 00:06:54,45.5229,-122.9898,304.25,45,1,1.34
158,Kuryk,KZ,2021-08-01 00:07:59,43.2,51.65,301.13,37,58,2.11
159,Ilulissat,GL,2021-08-01 00:05:35,69.2167,-51.1,286.16,50,48,4.12
160,Rio Casca,BR,2021-08-01 00:07:59,-20.2261,-42.6508,287.12,70,34,1.22
161,Zhangye,CN,2021-08-01 00:08:00,38.9342,100.4517,298.92,26,61,2.75
162,Mananara,MG,2021-08-01 00:08:00,-16.1667,49.7667,291.47,91,46,2.59
163,Hermanus,ZA,2021-08-01 00:08:00,-34.4187,19.2345,285.26,89,99,3.15
164,Xifeng,CN,2021-08-01 00:08:01,42.7372,124.7222,296.79,92,91,3.03
165,Faanui,PF,2021-08-01 00:08:01,-16.4833,-151.75,298.56,64,66,7.1
166,Egvekinot,RU,2021-08-01 00:08:01,66.3167,-179.1667,277.95,58,84,0.94
167,Honningsvag,NO,2021-08-01 00:08:02,70.9821,25.9704,280.82,85,100,4.26
168,Yar-Sale,RU,2021-08-01 00:08:02,66.8333,70.8333,281.37,86,26,3.39
169,Torata,PE,2021-08-01 00:08:02,-17.0769,-70.8433,287.28,38,26,0.48
170,Tasiilaq,GL,2021-08-01 00:08:03,65.6145,-37.6368,281.24,82,60,1.63
171,Moree,AU,2021-08-01 00:08:03,-29.4667,149.85,293.81,61,0,6.65
172,Rock Springs,US,2021-08-01 00:08:03,41.5875,-109.2029,297.72,46,20,1.79
173,Batticaloa,LK,2021-08-01 00:08:04,7.7102,81.6924,299.04,77,96,3.56
174,Severo-Kurilsk,RU,2021-08-01 00:08:04,50.6789,156.125,286.13,84,100,3.98
175,Gaoual,GN,2021-08-01 00:08:04,11.75,-13.2,296.13,97,99,1.65
176,Tougan,BF,2021-08-01 00:08:05,13.0667,-3.0667,298.83,73,98,3.35
177,Klaksvik,FO,2021-08-01 00:08:05,62.2266,-6.589,281.66,78,89,5.49
178,Dandong,CN,2021-08-01 00:05:32,40.1292,124.3947,299.28,83,39,3.16
179,Norman Wells,CA,2021-08-01 00:08:05,65.282,-126.8329,302.56,28,37,2.31
180,Tautira,PF,2021-08-01 00:08:06,-17.7333,-149.15,301.16,61,94,4.71
181,Bengkulu,ID,2021-08-01 00:07:05,-3.8004,102.2655,296.92,90,43,1.6
182,Saint-Philippe,RE,2021-08-01 00:08:06,-21.3585,55.7679,291.9,84,31,4.95
183,Ossora,RU,2021-08-01 00:08:06,59.2353,163.0719,287.39,55,49,2.3
184,Tshikapa,CD,2021-08-01 00:08:07,-6.4167,20.8,295.42,30,2,1.61
185,Hithadhoo,MV,2021-08-01 00:04:13,-0.6,73.0833,300.19,74,67,2.34
186,Dikson,RU,2021-08-01 00:08:07,73.5069,80.5464,278.5,100,100,3.8
187,Muroto,JP,2021-08-01 00:08:07,33.2833,134.15,301.13,69,32,1.0
188,Port Elizabeth,ZA,2021-08-01 00:05:02,-33.918,25.5701,288.66,40,96,2.2
189,Shizunai,JP,2021-08-01 00:08:08,42.3339,142.3669,296.9,90,94,0.65
190,Pasni,PK,2021-08-01 00:08:08,25.2631,63.471,300.46,86,99,3.74
191,Ketchikan,US,2021-08-01 00:05:31,55.3422,-131.6461,294.41,64,1,7.2
192,Akdepe,TM,2021-08-01 00:08:09,42.0551,59.3788,293.2,29,0,4.0
193,Warrington,GB,2021-08-01 00:08:09,53.3925,-2.5802,288.59,93,90,0.45
194,Verkhnyaya Inta,RU,2021-08-01 00:08:09,65.9811,60.3094,284.24,90,100,6.79
195,Lhokseumawe,ID,2021-08-01 00:08:10,5.1801,97.1507,297.69,81,100,2.05
196,Yeppoon,AU,2021-08-01 00:08:10,-23.1333,150.7333,297.03,66,0,3.29
197,Narsaq,GL,2021-08-01 00:08:10,60.9167,-46.05,283.27,75,63,1.77
198,Torbay,CA,2021-08-01 00:08:10,47.6666,-52.7314,290.19,84,7,8.37
199,Avera,US,2021-08-01 00:07:13,33.194,-82.5271,306.18,56,85,1.74
200,Port Macquarie,AU,2021-08-01 00:05:36,-31.4333,152.9167,296.42,50,0,4.37
201,Conde,BR,2021-08-01 00:08:11,-7.2597,-34.9075,295.85,94,75,5.14
202,Kruisfontein,ZA,2021-08-01 00:08:11,-34.0033,24.7314,287.22,24,66,3.45
203,La Paz,BO,2021-08-01 00:05:29,-16.5,-68.15,280.14,81,20,5.14
204,Itaituba,BR,2021-08-01 00:04:48,-4.2761,-55.9836,298.38,70,98,1.83
205,Plessisville,CA,2021-08-01 00:08:12,46.2186,-71.762,290.97,59,60,4.4
206,Rawson,AR,2021-08-01 00:08:12,-43.3002,-65.1023,279.9,47,1,6.27
207,Dunedin,NZ,2021-08-01 00:06:14,-45.8742,170.5036,284.15,80,100,2.24
208,Masallatah,LY,2021-08-01 00:08:13,32.6167,14.0,301.67,29,0,1.12
209,Acari,PE,2021-08-01 00:08:13,-15.4311,-74.6158,293.0,66,69,1.74
210,Balakhninskiy,RU,2021-08-01 00:08:13,58.0106,114.2769,290.35,56,94,2.99
211,Antofagasta,CL,2021-08-01 00:08:05,-23.65,-70.4,286.75,83,43,2.79
212,Vaitape,PF,2021-08-01 00:08:14,-16.5167,-151.75,298.55,64,65,7.05
213,Bayir,TR,2021-08-01 00:08:14,37.2687,28.2167,295.44,26,0,1.73
214,Portland,US,2021-08-01 00:02:11,45.5234,-122.6762,304.55,47,1,2.68
215,Bantou,CN,2021-08-01 00:08:15,26.2151,117.4893,300.33,88,90,0.78
216,Ponta Do Sol,PT,2021-08-01 00:08:15,32.6667,-17.1,295.21,72,13,4.07
217,Marsh Harbour,BS,2021-08-01 00:05:28,26.5412,-77.0636,302.23,69,46,4.45
218,Araouane,ML,2021-08-01 00:03:53,18.9048,-3.5265,308.95,30,37,3.74
219,Cape Town,ZA,2021-08-01 00:08:16,-33.9258,18.4232,287.09,90,62,1.02
220,Sabha,LY,2021-08-01 00:05:55,27.0377,14.4283,303.76,15,0,3.95
221,Cicero Dantas,BR,2021-08-01 00:08:16,-10.6,-38.3833,291.66,95,81,4.43
222,Khoy,IR,2021-08-01 00:08:17,38.5504,44.9535,293.6,70,92,0.38
223,Talant,FR,2021-08-01 00:08:17,47.3369,5.0089,288.49,88,90,1.54
224,Kanye,BW,2021-08-01 00:08:17,-24.9667,25.3327,281.2,44,0,1.31
225,Pitimbu,BR,2021-08-01 00:08:18,-7.4706,-34.8086,296.48,82,5,7.69
226,Kalianget,ID,2021-08-01 00:08:18,-7.05,113.9333,299.92,73,37,2.4
227,Kondrovo,RU,2021-08-01 00:08:18,54.8064,35.9278,286.42,79,90,2.17
228,Bokoro,TD,2021-08-01 00:08:19,12.3807,17.0568,297.78,85,100,2.43
229,Leh,IN,2021-08-01 00:08:19,34.1667,77.5833,289.72,59,74,1.66
230,Mitsamiouli,KM,2021-08-01 00:08:19,-11.3847,43.2844,297.93,69,0,3.73
231,Acajutla,SV,2021-08-01 00:08:20,13.5928,-89.8275,300.26,72,43,1.91
232,Melo,UY,2021-08-01 00:08:20,-32.3667,-54.1833,280.96,89,0,2.49
233,Prince Rupert,CA,2021-08-01 00:08:20,54.3161,-130.3201,287.2,94,90,3.09
234,Shelburne,CA,2021-08-01 00:08:21,44.0787,-80.2041,289.67,65,91,2.64
235,Angouleme,FR,2021-08-01 00:08:21,45.65,0.15,287.68,89,0,1.03
236,Mozarlandia,BR,2021-08-01 00:08:21,-14.7447,-50.5706,298.33,26,40,1.79
237,Haapiti,PF,2021-08-01 00:08:21,-17.5667,-149.8667,301.0,57,93,4.33
238,Severnyy,RU,2021-08-01 00:08:22,50.677,36.5532,295.17,64,0,0.0
239,Mount Isa,AU,2021-08-01 00:08:22,-20.7333,139.5,299.02,47,90,3.09
240,Tucuman,AR,2021-08-01 00:08:23,-26.8241,-65.2226,286.15,50,9,3.09
241,Swan Hill,AU,2021-08-01 00:08:23,-35.3378,143.5544,284.81,73,100,4.07
242,Karratha,AU,2021-08-01 00:08:23,-20.7377,116.8463,289.63,45,1,4.12
243,Richards Bay,ZA,2021-08-01 00:08:24,-28.783,32.0377,288.15,86,0,3.73
244,Grand-Lahou,CI,2021-08-01 00:08:24,5.1367,-5.0242,297.18,90,78,3.78
245,Dillon,US,2021-08-01 00:08:24,34.4166,-79.3712,306.59,60,91,1.24
246,Coquimbo,CL,2021-08-01 00:08:25,-29.9533,-71.3436,284.0,87,0,1.03
247,Awjilah,LY,2021-08-01 00:08:25,29.1081,21.2869,302.78,23,0,4.43
248,Londoko,RU,2021-08-01 00:08:25,49.0333,131.9833,290.12,89,98,3.12
249,Camacha,PT,2021-08-01 00:08:26,33.0833,-16.3333,292.83,68,75,5.14
250,Bluff,NZ,2021-08-01 00:08:26,-46.6,168.3333,283.04,92,100,0.84
251,Buala,SB,2021-08-01 00:08:26,-8.145,159.5921,298.89,88,100,4.32
252,Santa Comba,ES,2021-08-01 00:08:27,43.0331,-8.8093,286.78,98,73,1.13
253,Tiksi,RU,2021-08-01 00:08:27,71.6872,128.8694,278.74,84,91,4.19
254,Volovo,UA,2021-08-01 00:08:27,48.5246,23.5056,290.98,80,23,1.44
255,Daru,PG,2021-08-01 00:08:28,-9.0763,143.2092,298.74,84,100,8.5
256,Anadyr,RU,2021-08-01 00:04:58,64.75,177.4833,282.43,61,20,2.68
257,Mbandaka,CD,2021-08-01 00:08:28,0.0487,18.2603,297.62,63,92,1.58
258,Coruripe,BR,2021-08-01 00:08:28,-10.1256,-36.1756,296.17,86,55,8.22
259,Da Nang,VN,2021-08-01 00:08:29,16.0678,108.2208,305.18,55,20,2.57
260,Alofi,NU,2021-08-01 00:08:29,-19.0595,-169.9187,298.79,83,98,11.8
261,Quatre Cocos,MU,2021-08-01 00:08:29,-20.2078,57.7625,293.76,71,3,6.87
262,Bhan,PK,2021-08-01 00:08:30,26.5583,67.7214,305.26,57,97,5.07
263,Saint-Ambroise,CA,2021-08-01 00:08:30,48.5501,-71.3324,287.92,82,74,2.13
264,Kahului,US,2021-08-01 00:07:56,20.8947,-156.47,304.24,64,20,12.86
265,Salar,ES,2021-08-01 00:08:30,37.1499,-4.0191,295.1,37,91,2.02
266,Wittenberge,DE,2021-08-01 00:08:31,53.0,11.75,289.82,86,2,4.09
267,Saint-Pierre,RE,2021-08-01 00:08:31,-21.3393,55.4781,291.95,72,20,2.57
268,Kresttsy,RU,2021-08-01 00:08:31,58.2452,32.5165,286.89,98,32,2.15
269,Mar Del Plata,AR,2021-08-01 00:08:32,-38.0023,-57.5575,282.66,28,36,0.45
270,Tomatlan,MX,2021-08-01 00:08:32,19.9333,-105.25,301.28,80,78,1.19
271,Muscat,OM,2021-08-01 00:04:56,23.6139,58.5922,306.16,64,55,3.03
272,Praia,CV,2021-08-01 00:08:32,14.9215,-23.5087,297.94,84,87,4.64
273,Wanaka,NZ,2021-08-01 00:05:19,-44.7,169.15,281.14,92,100,0.98
274,Pisco,PE,2021-08-01 00:08:33,-13.7,-76.2167,290.38,82,9,4.63
275,Port Hardy,CA,2021-08-01 00:08:33,50.6996,-127.4199,292.06,75,47,6.78
276,Lompoc,US,2021-08-01 00:08:34,34.6391,-120.4579,302.98,72,1,3.13
277,Kailua,US,2021-08-01 00:08:34,21.4022,-157.7394,305.14,61,40,7.72
278,Bhairab Bazar,BD,2021-08-01 00:08:34,24.0667,90.9667,301.18,95,99,3.73
279,Jinchang,CN,2021-08-01 00:08:35,38.4953,102.1739,295.29,33,36,4.28
280,Lavrentiya,RU,2021-08-01 00:08:35,65.5833,-171.0,279.19,86,100,2.91
281,Mazagao,BR,2021-08-01 00:08:35,-0.115,-51.2894,301.18,95,90,1.65
282,Grand Gaube,MU,2021-08-01 00:08:36,-20.0064,57.6608,293.92,75,1,2.68
283,Cancuc,MX,2021-08-01 00:08:36,16.9167,-92.4833,296.66,93,74,1.3
284,Manta,EC,2021-08-01 00:08:36,-0.95,-80.7333,296.03,83,90,6.17
285,Uitenhage,ZA,2021-08-01 00:08:36,-33.7576,25.3971,288.9,20,91,3.42
286,Lebu,CL,2021-08-01 00:08:37,-37.6167,-73.65,281.63,85,2,6.54
287,College,US,2021-08-01 00:08:37,64.8569,-147.8028,300.14,42,40,4.12
288,Erzin,TR,2021-08-01 00:05:46,36.9559,36.2,299.55,83,1,0.62
289,Japura,ID,2021-08-01 00:08:38,-0.3167,102.35,296.61,95,92,0.28
290,Bilma,NE,2021-08-01 00:08:38,18.6853,12.9164,306.79,18,17,2.96
291,Blackfoot,US,2021-08-01 00:08:38,43.1905,-112.345,300.03,43,73,5.14
292,Batagay,RU,2021-08-01 00:08:38,67.6333,134.6333,291.36,39,26,4.13
293,Nushki,PK,2021-08-01 00:08:39,29.5542,66.0215,299.37,17,0,1.66
294,Raudeberg,NO,2021-08-01 00:08:39,61.9875,5.1352,285.52,81,94,12.72
295,Keti Bandar,PK,2021-08-01 00:06:40,24.1447,67.4497,300.7,85,100,10.86
296,Beringovskiy,RU,2021-08-01 00:05:43,63.05,179.3167,280.85,69,91,0.41
297,Haines Junction,CA,2021-08-01 00:06:41,60.7522,-137.5108,299.2,28,10,3.45
298,Callaway,US,2021-08-01 00:08:40,30.153,-85.5699,303.69,79,1,1.79
299,Victor Harbor,AU,2021-08-01 00:08:40,-35.5667,138.6167,285.08,76,7,4.18
300,Mpika,ZM,2021-08-01 00:08:41,-11.8343,31.4529,283.29,90,18,2.68
301,Cap-Aux-Meules,CA,2021-08-01 00:08:41,47.3821,-61.8597,289.55,82,78,8.55
302,Lagoa,PT,2021-08-01 00:08:41,39.05,-27.9833,294.55,88,100,4.24
303,Santo Tomas,PH,2021-08-01 00:08:41,14.1079,121.1414,302.91,80,100,3.51
304,Reidsville,US,2021-08-01 00:08:42,36.3549,-79.6645,302.3,78,1,0.0
305,Heihe,CN,2021-08-01 00:08:42,50.2441,127.4902,286.47,99,100,1.21
306,Kilindoni,TZ,2021-08-01 00:08:43,-7.9139,39.6668,297.37,81,35,8.53
307,Sambava,MG,2021-08-01 00:08:43,-14.2667,50.1667,292.18,81,3,5.46
308,Sao Joao Del Rei,BR,2021-08-01 00:04:15,-21.1356,-44.2617,282.94,71,16,3.12
309,Kupang,ID,2021-08-01 00:08:44,-10.1667,123.5833,299.47,83,20,1.54
310,Takoradi,GH,2021-08-01 00:08:44,4.8845,-1.7554,297.35,88,35,3.34
311,Tutoia,BR,2021-08-01 00:08:44,-2.7619,-42.2744,298.9,82,3,4.47
312,Zeya,RU,2021-08-01 00:08:45,53.75,127.2667,283.58,97,100,1.52
313,Srednekolymsk,RU,2021-08-01 00:08:45,67.45,153.6833,275.97,98,100,5.85
314,Yulara,AU,2021-08-01 00:08:45,-25.2406,130.9889,288.06,63,32,3.6
315,Mana,GF,2021-08-01 00:08:46,5.6592,-53.7767,298.79,88,12,3.52
316,Solnechnyy,RU,2021-08-01 00:08:46,50.7214,136.6319,282.91,97,100,3.08
317,Norsup,VU,2021-08-01 00:08:46,-16.0667,167.3833,297.94,52,99,4.27
318,Hovd,MN,2021-08-01 00:06:33,48.0056,91.6419,286.0,81,100,2.74
319,Shimoda,JP,2021-08-01 00:08:47,34.6667,138.95,301.69,70,15,1.71
320,Sweetwater,US,2021-08-01 00:08:47,25.7634,-80.3731,304.26,72,75,3.6
321,Fairbanks,US,2021-08-01 00:03:58,64.8378,-147.7164,300.98,43,1,0.45
322,Nianzishan,CN,2021-08-01 00:08:48,47.5167,122.8833,290.54,86,98,5.4
323,Kulhudhuffushi,MV,2021-08-01 00:08:48,6.6221,73.07,301.01,76,33,5.66
324,Ranau,MY,2021-08-01 00:07:19,5.9538,116.6641,296.51,72,46,0.66
325,Imeni Poliny Osipenko,RU,2021-08-01 00:08:49,52.4201,136.4853,282.39,98,100,4.56
326,Bogashevo,RU,2021-08-01 00:08:49,56.3683,85.1447,289.06,82,20,3.0
327,Vanavara,RU,2021-08-01 00:08:49,60.34,102.2797,289.64,81,100,2.01
328,Piney Green,US,2021-08-01 00:08:49,34.716,-77.3202,303.25,73,90,0.35
329,Oume,JP,2021-08-01 00:06:07,35.7839,139.2431,303.51,70,1,0.0
330,Sao Joao Do Piaui,BR,2021-08-01 00:08:50,-8.3581,-42.2467,297.43,66,61,5.05
331,Haftoni,AZ,2021-08-01 00:08:50,38.7632,48.7622,297.12,87,100,1.7
332,Ambalavao,MG,2021-08-01 00:08:51,-21.8333,46.9333,281.82,96,23,2.07
333,Tarko-Sale,RU,2021-08-01 00:08:51,64.9225,77.785,284.39,82,42,3.86
334,Coihueco,CL,2021-08-01 00:08:51,-36.6167,-71.8333,281.56,87,10,3.09
335,Burgeo,CA,2021-08-01 00:08:51,47.6167,-57.6152,288.18,90,17,7.99
336,Biak,ID,2021-08-01 00:08:52,-0.9131,122.8766,299.35,78,33,2.52
337,Birao,CF,2021-08-01 00:08:52,10.2849,22.7882,295.04,97,84,2.11
338,Ornskoldsvik,SE,2021-08-01 00:08:52,63.2909,18.7153,286.05,100,90,1.03
339,Shache,CN,2021-08-01 00:04:44,38.4167,77.2406,299.53,33,100,7.99
340,Luderitz,NA,2021-08-01 00:05:50,-26.6481,15.1594,292.92,25,0,3.52
341,Broken Hill,AU,2021-08-01 00:08:53,-31.95,141.4333,283.49,83,98,7.09
342,Vila Velha,BR,2021-08-01 00:08:54,-20.3297,-40.2925,292.66,73,86,4.58
343,Whitehorse,CA,2021-08-01 00:04:17,60.7161,-135.0538,302.6,24,22,5.36
344,Macas,EC,2021-08-01 00:08:54,-2.3167,-78.1167,292.03,97,92,0.33
345,Puerto Del Rosario,ES,2021-08-01 00:08:54,28.5004,-13.8627,295.01,78,9,8.75
346,Ostrovnoy,RU,2021-08-01 00:08:55,68.0531,39.5131,281.1,97,96,2.07
347,Talcahuano,CL,2021-08-01 00:08:55,-36.7167,-73.1167,282.97,76,0,3.09
348,Carauari,BR,2021-08-01 00:08:55,-4.8828,-66.8958,296.42,53,44,0.81
349,Chapais,CA,2021-08-01 00:08:56,49.7834,-74.8492,287.24,58,59,3.52
350,Tibu,CO,2021-08-01 00:08:56,8.639,-72.7358,301.01,68,72,0.54
351,Natchitoches,US,2021-08-01 00:08:56,31.7668,-93.1335,307.53,55,1,1.54
352,Lazurne,UA,2021-08-01 00:08:57,46.084,32.5295,295.38,65,0,1.58
353,Kununurra,AU,2021-08-01 00:08:57,-15.7667,128.7333,298.14,69,3,0.0
354,Wattegama,LK,2021-08-01 00:08:57,6.7989,81.4808,297.17,79,92,1.83
355,Rio Gallegos,AR,2021-08-01 00:08:58,-51.6226,-69.2181,277.34,55,100,8.66
356,Chumphon,TH,2021-08-01 00:08:58,10.3333,98.8333,296.65,91,99,3.71
357,Tura,IN,2021-08-01 00:08:58,25.5198,90.2201,296.34,98,100,1.63
358,Cernay,FR,2021-08-01 00:08:59,47.8097,7.177,289.93,96,99,0.67
359,Makakilo City,US,2021-08-01 00:08:59,21.3469,-158.0858,304.33,52,20,5.66
360,Frutal,BR,2021-08-01 00:06:33,-20.0247,-48.9406,292.4,38,15,2.48
361,Yangjiang,CN,2021-08-01 00:08:59,21.85,111.9667,303.12,83,100,2.9
362,Necochea,AR,2021-08-01 00:09:00,-38.5473,-58.7368,279.28,78,56,3.17
363,San Marcos,US,2021-08-01 00:09:00,33.1434,-117.1661,310.08,64,1,2.24
364,Zyryanka,RU,2021-08-01 00:09:01,65.75,150.85,279.86,84,100,11.25
365,Gonen,TR,2021-08-01 00:09:01,40.1049,27.654,300.13,41,0,0.45
366,Veseloyarsk,RU,2021-08-01 00:09:01,51.2836,81.1056,292.08,32,96,2.79
367,Hambantota,LK,2021-08-01 00:06:05,6.1241,81.1185,299.18,82,72,7.44
368,La Llanada,CO,2021-08-01 00:09:02,1.49,-77.5835,284.08,95,82,0.77
369,Belmonte,BR,2021-08-01 00:05:15,-15.8631,-38.8828,294.29,72,97,6.23
370,Ribeira Grande,PT,2021-08-01 00:09:02,38.5167,-28.7,295.1,85,45,2.65
371,Acarau,BR,2021-08-01 00:09:03,-2.8856,-40.12,299.09,80,87,6.96
372,Huarmey,PE,2021-08-01 00:09:03,-10.0681,-78.1522,291.46,83,14,5.34
373,Whyalla,AU,2021-08-01 00:09:03,-33.0333,137.5833,284.09,93,23,4.63
374,Kaitangata,NZ,2021-08-01 00:09:04,-46.2817,169.8464,282.58,98,100,0.96
375,Zhuhai,CN,2021-08-01 00:09:04,22.2769,113.5678,303.21,84,40,2.06
376,Souillac,MU,2021-08-01 00:04:39,-20.5167,57.5167,293.91,80,12,6.28
377,Pangnirtung,CA,2021-08-01 00:09:04,66.1451,-65.7125,284.83,63,100,1.78
378,Rio Grande,BR,2021-08-01 00:07:05,-32.035,-52.0986,280.9,91,0,4.08
379,Yarmouth,US,2021-08-01 00:04:59,41.7057,-70.2286,294.8,70,1,2.68
380,Phan Thiet,VN,2021-08-01 00:09:05,10.9333,108.1,299.77,83,57,5.13
381,Oga,IT,2021-08-01 00:09:05,46.4631,10.347,285.2,94,97,1.74
382,Nadym,RU,2021-08-01 00:09:06,65.5333,72.5167,283.23,77,61,3.77
383,Senneterre,CA,2021-08-01 00:09:06,48.3835,-77.2328,287.25,72,94,2.27
384,Barcelos,PT,2021-08-01 00:08:07,41.5388,-8.6151,289.18,92,41,1.75
385,Languyan,PH,2021-08-01 00:09:06,5.2618,120.0807,301.8,73,19,2.63
386,Broome,US,2021-08-01 00:09:07,42.2506,-75.833,292.4,62,1,0.45
387,Meihekou,CN,2021-08-01 00:09:07,42.5272,125.6753,295.98,91,98,2.68
388,Itarema,BR,2021-08-01 00:05:22,-2.9248,-39.9167,299.11,82,83,7.26
389,Sharlyk,RU,2021-08-01 00:09:07,52.9167,54.75,292.77,76,39,1.08
390,Kokopo,PG,2021-08-01 00:09:08,-4.352,152.2633,301.69,67,26,1.68
391,Katsuura,JP,2021-08-01 00:04:32,35.1333,140.3,303.23,75,68,2.12
392,Hounde,BF,2021-08-01 00:09:08,11.5,-3.5167,294.54,94,100,1.41
393,San Rafael,AR,2021-08-01 00:09:09,-34.6177,-68.3301,283.66,50,22,2.39
394,Sioux Lookout,CA,2021-08-01 00:09:09,50.1001,-91.917,294.02,41,85,5.17
395,Christchurch,NZ,2021-08-01 00:08:53,-43.5333,172.6333,285.93,81,90,3.58
396,Manokwari,ID,2021-08-01 00:09:10,-0.8667,134.0833,300.95,72,75,0.73
397,Sudak,UA,2021-08-01 00:09:10,44.85,34.9667,297.27,58,1,1.67
398,Zabid,YE,2021-08-01 00:09:10,14.1951,43.3152,302.38,62,65,2.52
399,Rockport,US,2021-08-01 00:07:47,28.0206,-97.0544,305.38,75,1,1.34
400,Hay River,CA,2021-08-01 00:09:11,60.8156,-115.7999,300.75,35,0,1.93
401,Nome,US,2021-08-01 00:09:11,64.5011,-165.4064,282.19,87,90,5.66
402,Thinadhoo,MV,2021-08-01 00:09:11,0.5333,72.9333,300.65,71,98,0.48
403,Mizdah,LY,2021-08-01 00:09:12,31.4451,12.9801,300.76,23,0,1.17
404,Los Llanos De Aridane,ES,2021-08-01 00:04:59,28.6585,-17.9182,293.22,85,20,7.72
405,Dabakala,CI,2021-08-01 00:09:12,8.3667,-4.4333,295.81,93,99,2.69
406,Bure,ET,2021-08-01 00:09:13,10.7,37.0667,286.07,97,98,0.57
407,Airai,TL,2021-08-01 00:09:13,-8.9266,125.4092,292.83,57,49,1.6
408,Sao Geraldo Do Araguaia,BR,2021-08-01 00:09:13,-6.4006,-48.555,301.99,31,49,1.23
409,Celestun,MX,2021-08-01 00:09:13,20.8667,-90.4,302.21,75,88,7.93
410,Jalalpur,PK,2021-08-01 00:09:14,32.6374,74.2183,301.88,71,1,1.34
411,Dali,CN,2021-08-01 00:09:14,25.7,100.1833,289.5,86,99,0.89
412,Camocim,BR,2021-08-01 00:09:14,-2.9022,-40.8411,298.39,80,71,5.77
413,Taoudenni,ML,2021-08-01 00:09:15,22.6783,-3.9836,311.86,13,1,3.62
414,Karaman,TR,2021-08-01 00:09:15,37.0833,33.25,291.51,34,0,2.69
415,Mansa,IN,2021-08-01 00:09:15,29.9833,75.3833,301.57,77,5,0.17
416,Batemans Bay,AU,2021-08-01 00:09:16,-35.7167,150.1833,288.7,77,26,4.54
417,Morgan City,US,2021-08-01 00:09:16,29.6994,-91.2068,302.59,94,1,0.0
418,La Union,PE,2021-08-01 00:09:16,-5.4,-80.75,295.25,63,5,7.95
419,Te Anau,NZ,2021-08-01 00:05:02,-45.4167,167.7167,282.27,96,100,0.5
420,Lorengau,PG,2021-08-01 00:05:05,-2.0226,147.2712,302.42,68,45,3.1
421,Zhanaozen,KZ,2021-08-01 00:09:17,43.3,52.8,301.56,22,25,2.71
422,Meulaboh,ID,2021-08-01 00:09:17,4.1363,96.1285,296.79,86,100,1.34
423,Padang,ID,2021-07-31 23:57:06,-0.9492,100.3543,298.18,86,100,1.41
424,Natal,BR,2021-08-01 00:09:17,-5.795,-35.2094,297.51,80,33,5.94
425,Ridgecrest,US,2021-08-01 00:06:41,35.6225,-117.6709,312.38,25,1,2.24
426,Isangel,VU,2021-08-01 00:09:18,-19.55,169.2667,296.03,51,15,7.06
427,Sistranda,NO,2021-08-01 00:09:18,63.7256,8.834,284.21,75,100,6.58
428,Zilina,SK,2021-08-01 00:09:19,49.1667,19.1667,288.81,100,59,1.11
429,Kostroma,RU,2021-08-01 00:09:19,57.7708,40.9344,288.99,91,17,3.37
430,Katobu,ID,2021-08-01 00:09:20,-4.9408,122.5276,298.5,88,100,1.87
431,Gulu,UG,2021-08-01 00:09:20,2.7746,32.299,292.95,71,100,1.25
432,Iqaluit,CA,2021-08-01 00:09:20,63.7506,-68.5145,285.76,66,67,4.66
433,Recife,BR,2021-08-01 00:09:20,-8.0539,-34.8811,297.45,81,19,6.06
434,Guerrero Negro,MX,2021-08-01 00:09:21,27.9769,-114.0611,299.74,59,22,7.24
435,Noyabrsk,RU,2021-08-01 00:09:21,63.1994,75.4507,284.37,74,34,2.45
436,Kharitonovo,RU,2021-08-01 00:09:21,61.4009,47.4978,285.29,99,44,3.08
437,Moose Factory,CA,2021-08-01 00:09:22,51.2585,-80.6094,287.64,60,8,2.13
438,Kungurtug,RU,2021-08-01 00:09:22,50.5994,97.5228,285.39,99,100,0.95
439,Kismayo,SO,2021-08-01 00:09:22,-0.3582,42.5454,296.93,84,71,8.76
440,Baykit,RU,2021-08-01 00:09:23,61.67,96.37,290.13,66,6,0.28
441,Beloha,MG,2021-08-01 00:09:23,-25.1667,45.05,289.97,76,0,4.43
442,Bowen,AU,2021-08-01 00:09:23,-20.0167,148.2333,296.76,68,15,3.85
443,Maloy,NO,2021-08-01 00:09:24,61.9353,5.1136,286.0,81,87,12.28
444,Bahia Blanca,AR,2021-08-01 00:09:24,-38.7196,-62.2724,280.39,69,4,2.8
445,San Quintin,MX,2021-08-01 00:09:24,30.4833,-115.95,296.69,69,41,6.3
446,Waipawa,NZ,2021-08-01 00:09:25,-41.4122,175.5153,285.54,71,81,2.13
447,Providencia,MX,2021-08-01 00:09:25,28.7167,-111.5833,314.18,47,1,6.26
448,Tessalit,ML,2021-08-01 00:09:25,20.1986,1.0114,305.61,36,54,4.69
449,Goderich,CA,2021-08-01 00:07:01,43.7501,-81.7165,295.88,76,88,5.1
450,Sinnamary,GF,2021-08-01 00:06:56,5.3833,-52.95,299.13,85,88,3.87
451,Porto Novo,BJ,2021-08-01 00:09:26,6.4965,2.6036,297.16,90,75,2.51
452,Sangar,RU,2021-08-01 00:09:26,63.9242,127.4739,295.26,43,5,1.17
453,Laguna,US,2021-08-01 00:05:44,38.421,-121.4238,312.54,31,1,2.68
454,Aleksandrov Gay,RU,2021-08-01 00:09:26,50.147,48.5704,297.43,53,42,3.43
455,Churapcha,RU,2021-08-01 00:09:27,62.0025,132.4325,298.06,29,2,2.76
456,Saint-Joseph,RE,2021-08-01 00:09:27,-21.3667,55.6167,291.35,80,18,5.79
457,Touros,BR,2021-08-01 00:09:27,-5.1989,-35.4608,297.6,82,73,7.16
458,Ihtiman,BG,2021-08-01 00:09:28,42.4333,23.8167,295.21,98,1,0.57
459,Saint Andrews,US,2021-08-01 00:09:28,34.0454,-81.1293,304.71,70,75,5.14
460,Apac,UG,2021-08-01 00:09:28,1.9756,32.5386,293.14,62,100,1.77
461,Diego De Almagro,CL,2021-08-01 00:09:29,-26.3667,-70.05,289.91,30,0,0.73
462,Kenora,CA,2021-08-01 00:09:29,49.8167,-94.4337,295.25,40,35,4.02
463,Bubaque,GW,2021-08-01 00:09:29,11.2833,-15.8333,298.64,88,100,8.83
464,Helong,CN,2021-08-01 00:09:30,42.5397,128.9972,297.5,83,75,1.51
465,La Trinidad,PH,2021-08-01 00:09:30,16.455,120.5875,293.36,86,100,1.1
466,Hyeres,FR,2021-08-01 00:09:30,43.1167,6.1167,297.51,54,0,2.57
467,Zabol,AF,2021-08-01 00:09:31,32.25,67.25,294.79,20,32,3.79
468,Shumerlya,RU,2021-08-01 00:09:31,55.5005,46.4129,289.51,78,41,1.85
469,Katherine,AU,2021-08-01 00:09:31,-14.4667,132.2667,300.33,61,27,2.06
470,Labuhan,ID,2021-08-01 00:09:31,-6.8844,112.2051,298.41,77,69,3.38
471,Ust-Kuyga,RU,2021-08-01 00:09:32,70.0167,135.6,282.14,70,98,4.79
472,Moranbah,AU,2021-08-01 00:09:32,-22.0016,148.0466,296.09,60,0,2.23
473,Dingle,PH,2021-08-01 00:09:32,10.9995,122.6711,301.74,79,87,5.32
474,Banjar,ID,2021-08-01 00:09:33,-8.19,114.9675,299.07,74,40,2.49
475,Ola,RU,2021-08-01 00:09:33,59.5833,151.2833,288.98,58,37,1.72
476,Belaya Gora,RU,2021-08-01 00:09:33,68.5333,146.4167,279.7,69,100,10.71
477,Neuquen,AR,2021-08-01 00:09:34,-38.9516,-68.0591,279.09,87,0,0.0
478,Governador Valadares,BR,2021-08-01 00:09:34,-18.8511,-41.9494,291.36,56,35,3.45
479,Batagay-Alyta,RU,2021-08-01 00:09:34,67.8006,130.4114,293.36,54,50,2.01
480,Chimoio,MZ,2021-08-01 00:09:35,-19.1164,33.4833,287.25,92,84,1.03
481,Teguldet,RU,2021-08-01 00:09:35,57.3064,88.1667,287.82,73,86,1.75
482,Norwich,GB,2021-08-01 00:09:35,52.6278,1.2983,288.97,88,41,3.09
483,Wilmington,US,2021-08-01 00:07:53,34.2257,-77.9447,302.56,81,94,3.78
484,Opuwo,NA,2021-08-01 00:09:36,-18.0607,13.84,287.72,23,0,3.88
485,Velingara,SN,2021-08-01 00:09:36,13.15,-14.1167,296.9,95,86,2.9
486,Olbia,IT,2021-08-01 00:09:36,40.9214,9.4856,301.18,69,0,1.54
487,Zarechnyy,RU,2021-08-01 00:09:37,53.2036,45.1923,292.77,76,26,1.64
488,Nyurba,RU,2021-08-01 00:09:37,63.2842,118.3319,295.13,42,2,1.23
489,Fort Wellington,GY,2021-08-01 00:09:37,6.4,-57.6,298.79,84,54,2.47
490,Nossa Senhora Da Gloria,BR,2021-08-01 00:09:38,-10.2183,-37.4203,292.42,95,58,5.25
491,Kigoma,TZ,2021-08-01 00:09:38,-4.8769,29.6267,295.48,55,9,2.8
492,Minab,IR,2021-08-01 00:09:38,27.1467,57.0801,306.95,61,49,0.75
493,Homer,US,2021-08-01 00:09:39,59.6425,-151.5483,294.31,80,1,6.17
494,Strezhevoy,RU,2021-08-01 00:09:39,60.7333,77.5889,282.14,94,8,1.63
495,Odweyne,SO,2021-08-01 00:09:39,9.4092,45.064,294.37,48,82,6.3
496,Jutai,BR,2021-08-01 00:09:40,-5.1833,-68.9,296.35,54,14,0.68
497,Karpathos,GR,2021-08-01 00:09:40,35.507,27.2132,301.07,63,0,7.12
498,Vidim,RU,2021-08-01 00:09:40,56.4088,103.1106,290.4,65,100,1.95
499,Archidona,ES,2021-08-01 00:09:41,37.0965,-4.3887,294.73,42,93,1.58
500,Tatarsk,RU,2021-08-01 00:09:41,55.219,75.9828,287.46,96,1,2.73
501,Chipinge,ZW,2021-08-01 00:09:41,-20.1883,32.6236,282.67,86,27,1.43
502,Madison,US,2021-08-01 00:09:41,34.7334,-86.5667,304.7,77,1,0.45
503,Riyadh,SA,2021-08-01 00:09:42,24.6877,46.7219,306.23,16,69,3.73
504,Parati,BR,2021-08-01 00:09:42,-23.2178,-44.7131,287.4,92,66,1.26
505,Pandamatenga,BW,2021-08-01 00:09:43,-18.5278,25.627,285.28,55,0,2.96
506,Chumikan,RU,2021-08-01 00:09:43,54.7183,135.315,284.0,83,100,2.82
507,Pemangkat,ID,2021-08-01 00:09:43,1.1667,108.9667,299.91,83,20,3.1
508,Rincon,US,2021-08-01 00:09:44,32.296,-81.2354,305.4,68,75,2.57
509,Fortuna,US,2021-08-01 00:09:44,40.5982,-124.1573,294.18,87,90,6.17
510,Olkhovka,RU,2021-08-01 00:09:44,53.2115,60.6069,292.17,73,36,4.45
511,Bilibino,RU,2021-08-01 00:09:45,68.0546,166.4372,283.67,49,89,3.82
512,Leningradskiy,RU,2021-08-01 00:09:45,69.3833,178.4167,274.74,88,100,7.58
513,Pahrump,US,2021-08-01 00:09:45,36.2083,-115.9839,306.95,34,70,0.89
514,Santa Flavia,IT,2021-08-01 00:09:46,38.085,13.5351,305.51,52,7,1.34
515,Samfya,ZM,2021-08-01 00:09:46,-11.3649,29.5565,289.54,62,5,5.87
516,Ravar,IR,2021-08-01 00:09:46,31.2656,56.8055,300.03,23,23,0.63
517,Akkermanovka,RU,2021-08-01 00:09:47,51.2467,58.2391,296.03,39,49,2.27
518,Maningrida,AU,2021-08-01 00:09:47,-12.0667,134.2667,300.08,69,20,4.37
519,Valparaiso,CL,2021-08-01 00:09:08,-33.0393,-71.6273,283.97,79,36,1.54
520,Atasu,KZ,2021-08-01 00:09:47,48.6814,71.6433,294.0,31,5,2.3
521,Pochutla,MX,2021-08-01 00:09:48,15.7432,-96.4661,304.72,80,33,2.68
522,Abeche,TD,2021-08-01 00:09:48,13.8292,20.8324,296.62,82,99,6.75
523,Santa Rosa,PH,2021-08-01 00:08:27,14.3122,121.1114,303.76,72,100,5.47
524,Abbeville,FR,2021-08-01 00:09:48,50.1,1.8333,289.13,95,9,3.51
525,Ushtobe,KZ,2021-08-01 00:09:49,45.2514,77.9838,291.15,22,0,3.97
526,Santa Isabel Do Rio Negro,BR,2021-08-01 00:09:49,-0.4139,-65.0192,297.93,71,91,1.04
527,Mareeba,AU,2021-08-01 00:09:49,-17.0,145.4333,298.33,75,14,2.56
528,Atambua,ID,2021-08-01 00:09:50,-9.1061,124.8925,298.65,67,41,2.09
529,Biltine,TD,2021-08-01 00:09:50,14.5333,20.9167,300.11,68,83,7.99
530,Kutum,SD,2021-08-01 00:04:53,14.2,24.6667,294.65,79,93,7.6
531,La Ronge,CA,2021-08-01 00:09:50,55.1001,-105.2842,295.68,37,0,2.42
532,Shaowu,CN,2021-08-01 00:09:51,27.3409,117.4831,299.29,93,83,0.52
533,Tashtyp,RU,2021-08-01 00:09:51,52.7939,89.8983,286.07,91,0,0.88
534,Curup,ID,2021-08-01 00:08:06,-3.4667,102.5333,292.82,96,35,0.77
535,Farah,AF,2021-08-01 00:09:51,32.5,62.5,296.91,16,0,2.33
536,Xiamen,CN,2021-08-01 00:09:52,24.4798,118.0819,300.62,88,92,1.82
537,Pyaozerskiy,RU,2021-08-01 00:09:52,65.8333,31.1667,282.94,91,90,0.29
538,Coahuayana,MX,2021-08-01 00:09:52,18.7333,-103.6833,303.86,73,97,1.5
539,Zaysan,KZ,2021-08-01 00:09:53,47.4667,84.8667,290.37,29,0,3.8
540,Aasiaat,GL,2021-08-01 00:09:53,68.7098,-52.8699,277.8,93,96,3.84
541,Skoghall,SE,2021-08-01 00:09:53,59.3232,13.4655,288.46,94,75,2.06
542,Kirishi,RU,2021-08-01 00:09:54,59.4471,32.0205,285.8,92,34,2.43
543,Sao Paulo De Olivenca,BR,2021-08-01 00:09:54,-3.3783,-68.8725,295.42,69,63,0.36
544,Rio Tercero,AR,2021-08-01 00:09:54,-32.173,-64.1141,283.59,35,1,1.99
545,Bathsheba,BB,2021-08-01 00:09:55,13.2167,-59.5167,301.49,78,40,6.69
546,Salinas,US,2021-08-01 00:06:40,36.6777,-121.6555,303.47,66,20,6.69
547,Koszalin,PL,2021-08-01 00:09:55,54.1944,16.1722,289.64,82,15,7.3
548,Biloli,IN,2021-08-01 00:09:55,18.7667,77.7333,297.09,77,93,6.46
549,Coihaique,CL,2021-08-01 00:09:56,-45.5752,-72.0662,273.12,86,0,1.54
550,Micomeseng,GQ,2021-08-01 00:09:56,2.1462,10.6164,292.91,99,89,1.36
551,Sabang,ID,2021-08-01 00:09:56,5.8933,95.3214,301.4,75,100,10.75
552,Healesville,AU,2021-08-01 00:09:57,-37.65,145.5167,285.55,77,89,0.98
553,Hazorasp,UZ,2021-08-01 00:09:57,41.3194,61.0742,292.06,17,0,5.15
554,Twante,MM,2021-08-01 00:09:57,16.7167,95.9333,298.22,92,100,2.09
555,Liverpool,GB,2021-08-01 00:09:58,53.4106,-2.9779,287.8,84,90,0.89
556,Palana,RU,2021-08-01 00:09:58,59.1167,159.9667,282.68,63,90,5.58
557,Eganville,CA,2021-08-01 00:09:58,45.5334,-77.0994,288.16,98,100,1.32
558,Esperance,AU,2021-08-01 00:09:59,-33.8667,121.9,282.06,79,60,10.86
559,Havoysund,NO,2021-08-01 00:09:59,70.9963,24.6622,280.64,86,100,2.69
560,Mount Darwin,ZW,2021-08-01 00:09:59,-16.7725,31.5838,282.93,93,11,1.16
561,Mlimba,TZ,2021-08-01 00:10:00,-8.8,35.8167,293.86,62,93,1.01
562,Turayf,SA,2021-08-01 00:10:00,31.6725,38.6637,299.0,29,0,4.67
563,Iberia,US,2021-08-01 00:10:00,29.9502,-91.7507,305.91,94,40,2.06
564,Luanda,AO,2021-08-01 00:06:32,-8.8368,13.2343,294.37,90,18,1.18
565,Ingham,US,2021-08-01 00:10:01,42.6,-84.3833,296.62,56,1,3.09
566,Nabire,ID,2021-08-01 00:10:01,-3.3667,135.4833,300.39,78,91,0.61
567,Peterhead,GB,2021-08-01 00:10:02,57.5058,-1.7981,284.88,73,100,6.94
568,Cedar City,US,2021-08-01 00:10:04,37.6775,-113.0619,297.26,56,40,5.14
569,Ostrovskoye,RU,2021-08-01 00:10:04,57.8057,42.2433,286.94,88,6,2.87
570,Tambopata,PE,2021-08-01 00:10:04,-12.7333,-69.1833,294.76,47,3,1.04
571,Salima,MW,2021-08-01 00:10:05,-13.7804,34.4587,292.55,67,73,4.56
572,Liuzhou,CN,2021-08-01 00:05:06,24.3126,109.3892,300.22,81,94,0.53
573,Launceston,AU,2021-08-01 00:10:05,-41.45,147.1667,283.04,84,16,1.79
574,Ahipara,NZ,2021-08-01 00:10:07,-35.1667,173.1667,288.42,61,8,2.48
575,Ixtapa,MX,2021-08-01 00:10:07,20.7,-105.2,303.83,74,40,4.12
576,Agadez,NE,2021-08-01 00:10:07,19.75,10.25,306.11,13,8,3.05
577,Paamiut,GL,2021-08-01 00:10:07,61.994,-49.6678,280.44,87,91,0.13
578,Las Vegas,US,2021-08-01 00:03:15,36.175,-115.1372,308.39,42,1,3.6
579,Sovetskiy,RU,2021-08-01 00:10:08,61.3614,63.5842,286.87,93,98,3.26
580,Bulungu,CD,2021-08-01 00:10:08,-4.55,18.6,295.78,37,45,0.53
581,Panaba,MX,2021-08-01 00:10:09,21.2833,-88.2667,299.31,83,82,5.21
582,Trelew,AR,2021-08-01 00:07:02,-43.249,-65.3051,279.43,40,0,5.31
583,Conceicao Da Barra,BR,2021-08-01 00:06:35,-18.5933,-39.7322,291.99,76,29,3.5
584,Yopal,CO,2021-08-01 00:10:09,5.3378,-72.3959,295.3,94,78,0.96
585,Kieta,PG,2021-08-01 00:10:09,-6.2167,155.6333,302.24,70,26,3.06
586,Graaff-Reinet,ZA,2021-08-01 00:10:10,-32.2522,24.5308,286.99,21,63,4.75
587,Xiongzhou,CN,2021-08-01 00:10:10,25.1167,114.3,301.13,83,80,0.34
588,Ubinskoye,RU,2021-08-01 00:10:10,55.3068,79.6802,287.87,71,32,2.42
589,Luganville,VU,2021-08-01 00:10:11,-15.5333,167.1667,297.8,55,100,3.79
590,Dickinson,US,2021-08-01 00:10:11,29.4608,-95.0513,306.58,71,1,0.45
591,Charters Towers,AU,2021-08-01 00:10:11,-20.1,146.2667,296.62,58,0,4.45
592,Vostok,RU,2021-08-01 00:10:12,46.4856,135.8833,299.06,57,64,1.19
593,Whitianga,NZ,2021-08-01 00:10:12,-36.8333,175.7,288.72,55,43,2.26
